{
"lengthUnit": "mil",
"remark": [],
"components": {
	"fields": ["COMPONENT_NO", "COMPONENT_NAME", "LAYER", "X_COORDINATE", "Y_COORDINATE", "ANGLE"],
	"rows": [
		[1, "C3", "T", 55, -395, 0],
		[2, "C4", "T", 75, -460, 180],
		[3, "D4", "T", -160, -210, 90],
		[4, "D5", "T", 165, -205, 90],
		[5, "D6", "T", 145, -375, 90],
		[6, "H4", "T", 0, -570, 0],
		[7, "H5", "T", 0, -675, 0],
		[8, "R1", "T", 70, -60, 0],
		[9, "R2", "T", -99.956, -58.56, 0],
		[10, "R5", "T", -74.001, -326.656, 0],
		[11, "R6", "T", 55, -330, 180],
		[12, "U3", "T", -0.139, -206.601, 0],
		[13, "U4", "T", -120, -430, 0],
		[14, "USBC1", "T", 0, 95, 180],
		[15, "PAD1", "T", 76.46, -395, 0],
		[16, "PAD2", "T", 33.54, -395, 0],
		[17, "PAD3", "T", 53.54, -460, 0],
		[18, "PAD4", "T", 96.46, -460, 0],
		[19, "PAD5", "T", -160, -143.07, 0],
		[20, "PAD6", "T", -160, -276.93, 0],
		[21, "PAD7", "T", 165, -138.07, 0],
		[22, "PAD8", "T", 165, -271.93, 0],
		[23, "PAD9", "T", 145, -328.835, 0],
		[24, "PAD10", "T", 145, -421.165, 0],
		[25, "PAD11", "T", 87.04, -60, 0],
		[26, "PAD12", "T", 52.96, -60, 0],
		[27, "PAD13", "T", -82.916, -58.56, 0],
		[28, "PAD14", "T", -116.996, -58.56, 0],
		[29, "PAD15", "T", -56.961, -326.656, 0],
		[30, "PAD16", "T", -91.041, -326.656, 0],
		[31, "PAD17", "T", 37.96, -330, 0],
		[32, "PAD18", "T", 72.04, -330, 0],
		[33, "PAD19", "T", -39.509, -285.341, 0],
		[34, "PAD20", "T", -19.819, -285.341, 0],
		[35, "PAD21", "T", 39.231, -285.341, 0],
		[36, "PAD22", "T", 78.601, -206.601, 0],
		[37, "PAD23", "T", 39.231, -127.861, 0],
		[38, "PAD24", "T", 19.551, -127.861, 0],
		[39, "PAD25", "T", -19.819, -127.861, 0],
		[40, "PAD26", "T", -39.509, -127.861, 0],
		[41, "PAD27", "T", -157.4, -475.42, 0],
		[42, "PAD28", "T", -120, -475.42, 0],
		[43, "PAD29", "T", -82.6, -475.42, 0],
		[44, "PAD30", "T", -157.4, -384.58, 0],
		[45, "PAD31", "T", 49.21, -2.407, 0],
		[46, "PAD32", "T", 29.53, -2.407, 0],
		[47, "PAD33", "T", 9.84, -2.407, 0],
		[48, "PAD34", "T", -9.84, -2.407, 0],
		[49, "PAD35", "T", -29.53, -2.407, 0],
		[50, "PAD36", "T", -68.9, -2.407, 0],
		[51, "PAD37", "T", 131.89, -2.407, 0],
		[52, "PAD38", "T", 120.08, -2.407, 0],
		[53, "PAD39", "T", 100.39, -2.407, 0],
		[54, "PAD40", "T", 88.58, -2.407, 0],
		[55, "PAD41", "T", -88.58, -2.407, 0],
		[56, "PAD42", "T", -100.4, -2.407, 0],
		[57, "PAD43", "T", -120.08, -2.407, 0],
		[58, "PAD44", "T", -131.89, -2.407, 0],
		[59, "PAD45", "T", -170.28, 192.403, 0],
		[60, "PAD45", "B", -170.28, 192.403, 0],
		[61, "PAD46", "T", -170.28, 27.843, 0],
		[62, "PAD46", "B", -170.28, 27.843, 0],
		[63, "PAD47", "T", 170.28, 27.843, 0],
		[64, "PAD47", "B", 170.28, 27.843, 0],
		[65, "PAD48", "T", 170.28, 192.403, 0],
		[66, "PAD48", "B", 170.28, 192.403, 0],
		[67, "PAD49", "T", -150, -570, 0],
		[68, "PAD49", "B", -150, -570, 0],
		[69, "PAD50", "T", -50, -570, 0],
		[70, "PAD50", "B", -50, -570, 0],
		[71, "PAD51", "T", 50, -570, 0],
		[72, "PAD51", "B", 50, -570, 0],
		[73, "PAD52", "T", 150, -570, 0],
		[74, "PAD52", "B", 150, -570, 0],
		[75, "PAD53", "T", -150, -675, 0],
		[76, "PAD53", "B", -150, -675, 0],
		[77, "PAD54", "T", -50, -675, 0],
		[78, "PAD54", "B", -50, -675, 0],
		[79, "PAD55", "T", 50, -675, 0],
		[80, "PAD55", "B", 50, -675, 0],
		[81, "PAD56", "T", 150, -675, 0],
		[82, "PAD56", "B", 150, -675, 0]
	]
},
"pins": {
	"fields": ["PIN_NO", "PIN_NAME", "PIN_X", "PIN_Y", "LAYER", "PIN_TYPE", "NET_NAME", "NET_TYPE", "PAD_SHAPE", "PAD_SIZEX", "PAD_SIZEY", "HOLE_SIZE", "HOLE_LEN", "PAD_ANGLE"],
	"rows": [
		[1, "C3_1", 33.54, -395, "T", "SMD", "GND", "GND", "R", 31.106, 21.26, 0, 0, 0],
		[2, "C3_2", 76.46, -395, "T", "SMD", "+5V", "", "R", 31.106, 21.26, 0, 0, 0],
		[3, "C4_1", 96.46, -460, "T", "SMD", "GND", "GND", "R", 31.106, 21.26, 0, 0, 180],
		[4, "C4_2", 53.54, -460, "T", "SMD", "$1N2830", "", "R", 31.106, 21.26, 0, 0, 180],
		[5, "D4_1", -160, -276.93, "T", "SMD", "DN", "", "R", 47.244, 37.402, 0, 0, 90],
		[6, "D4_2", -160, -143.07, "T", "SMD", "GND", "GND", "R", 47.244, 37.402, 0, 0, 90],
		[7, "D5_1", 165, -271.93, "T", "SMD", "DP", "", "R", 47.244, 37.402, 0, 0, 90],
		[8, "D5_2", 165, -138.07, "T", "SMD", "GND", "GND", "R", 47.244, 37.402, 0, 0, 90],
		[9, "D6_1", 145, -421.165, "T", "SMD", "+5V", "", "R", 39.37, 29.528, 0, 0, 90],
		[10, "D6_2", 145, -328.835, "T", "SMD", "VCC", "", "R", 39.37, 29.528, 0, 0, 90],
		[11, "H4_1", -150, -570, "T", "DIP", "PB0", "", "R", 66.929, 66.929, 43.308, 43.308, 0],
		[12, "H4_1", -150, -570, "B", "DIP", "PB0", "", "R", 66.929, 66.929, 43.308, 43.308, 0],
		[13, "H4_2", -50, -570, "T", "DIP", "PB1", "", "C", 66.929, 66.929, 43.308, 43.308, 0],
		[14, "H4_2", -50, -570, "B", "DIP", "PB1", "", "C", 66.929, 66.929, 43.308, 43.308, 0],
		[15, "H4_3", 50, -570, "T", "DIP", "PB2", "", "C", 66.929, 66.929, 43.308, 43.308, 0],
		[16, "H4_3", 50, -570, "B", "DIP", "PB2", "", "C", 66.929, 66.929, 43.308, 43.308, 0],
		[17, "H4_4", 150, -570, "T", "DIP", "PB3", "", "C", 66.929, 66.929, 43.308, 43.308, 0],
		[18, "H4_4", 150, -570, "B", "DIP", "PB3", "", "C", 66.929, 66.929, 43.308, 43.308, 0],
		[19, "H5_1", -150, -675, "T", "DIP", "PB4", "", "R", 66.929, 66.929, 43.308, 43.308, 0],
		[20, "H5_1", -150, -675, "B", "DIP", "PB4", "", "R", 66.929, 66.929, 43.308, 43.308, 0],
		[21, "H5_2", -50, -675, "T", "DIP", "PB5", "", "C", 66.929, 66.929, 43.308, 43.308, 0],
		[22, "H5_2", -50, -675, "B", "DIP", "PB5", "", "C", 66.929, 66.929, 43.308, 43.308, 0],
		[23, "H5_3", 50, -675, "T", "DIP", "GND", "GND", "C", 66.929, 66.929, 43.308, 43.308, 0],
		[24, "H5_3", 50, -675, "B", "DIP", "GND", "GND", "C", 66.929, 66.929, 43.308, 43.308, 0],
		[25, "H5_4", 150, -675, "T", "DIP", "+5V", "", "C", 66.929, 66.929, 43.308, 43.308, 0],
		[26, "H5_4", 150, -675, "B", "DIP", "+5V", "", "C", 66.929, 66.929, 43.308, 43.308, 0],
		[27, "R1_1", 52.96, -60, "T", "SMD", "$1N1663", "", "R", 22.27, 21.26, 0, 0, 0],
		[28, "R1_2", 87.04, -60, "T", "SMD", "GND", "GND", "R", 22.27, 21.26, 0, 0, 0],
		[29, "R2_1", -116.996, -58.56, "T", "SMD", "GND", "GND", "R", 22.27, 21.26, 0, 0, 0],
		[30, "R2_2", -82.916, -58.56, "T", "SMD", "$1N1667", "", "R", 22.27, 21.26, 0, 0, 0],
		[31, "R5_1", -91.041, -326.656, "T", "SMD", "DN", "", "R", 22.27, 21.26, 0, 0, 0],
		[32, "R5_2", -56.961, -326.656, "T", "SMD", "$1N2613", "", "R", 22.27, 21.26, 0, 0, 0],
		[33, "R6_1", 72.04, -330, "T", "SMD", "DP", "", "R", 22.27, 21.26, 0, 0, 180],
		[34, "R6_2", 37.96, -330, "T", "SMD", "PB4", "", "R", 22.27, 21.26, 0, 0, 180],
		[35, "U3_1", -39.509, -285.341, "T", "SMD", "PB5", "", "O", 31.496, 11.811, 0, 0, 90],
		[36, "U3_2", -19.819, -285.341, "T", "SMD", "$1N2613", "", "O", 31.496, 11.811, 0, 0, 90],
		[37, "U3_3", -0.139, -285.341, "T", "SMD", "NET_1", "", "O", 31.496, 11.811, 0, 0, 90],
		[38, "U3_4", 19.551, -285.341, "T", "SMD", "NET_2", "", "O", 31.496, 11.811, 0, 0, 90],
		[39, "U3_5", 39.231, -285.341, "T", "SMD", "PB4", "", "O", 31.496, 11.811, 0, 0, 90],
		[40, "U3_6", 78.601, -245.971, "T", "SMD", "NET_3", "", "O", 11.811, 31.496, 0, 0, 90],
		[41, "U3_7", 78.601, -226.281, "T", "SMD", "NET_4", "", "O", 11.811, 31.496, 0, 0, 90],
		[42, "U3_8", 78.601, -206.601, "T", "SMD", "GND", "GND", "O", 11.811, 31.496, 0, 0, 90],
		[43, "U3_9", 78.601, -186.911, "T", "SMD", "NET_5", "", "O", 11.811, 31.496, 0, 0, 90],
		[44, "U3_10", 78.601, -167.231, "T", "SMD", "NET_6", "", "O", 11.811, 31.496, 0, 0, 90],
		[45, "U3_11", 39.231, -127.861, "T", "SMD", "PB0", "", "O", 31.496, 11.811, 0, 0, 90],
		[46, "U3_12", 19.551, -127.861, "T", "SMD", "PB1", "", "O", 31.496, 11.811, 0, 0, 90],
		[47, "U3_13", -0.139, -127.861, "T", "SMD", "NET_7", "", "O", 31.496, 11.811, 0, 0, 90],
		[48, "U3_14", -19.819, -127.861, "T", "SMD", "PB2", "", "O", 31.496, 11.811, 0, 0, 90],
		[49, "U3_15", -39.509, -127.861, "T", "SMD", "+5V", "", "O", 31.496, 11.811, 0, 0, 90],
		[50, "U3_16", -78.879, -167.231, "T", "SMD", "NET_8", "", "O", 11.811, 31.496, 0, 0, 90],
		[51, "U3_17", -78.879, -186.911, "T", "SMD", "NET_9", "", "O", 11.811, 31.496, 0, 0, 90],
		[52, "U3_18", -78.879, -206.601, "T", "SMD", "NET_10", "", "O", 11.811, 31.496, 0, 0, 90],
		[53, "U3_19", -78.879, -226.281, "T", "SMD", "NET_11", "", "O", 11.811, 31.496, 0, 0, 90],
		[54, "U3_20", -78.879, -245.971, "T", "SMD", "NET_12", "", "O", 11.811, 31.496, 0, 0, 90],
		[55, "U3_21", -0.139, -206.601, "T", "SMD", "NET_13", "", "R", 102.362, 102.362, 0, 0, 90],
		[56, "U4_1", -157.4, -475.42, "T", "SMD", "$1N2830", "", "R", 19.291, 45.551, 0, 0, 0],
		[57, "U4_2", -120, -475.42, "T", "SMD", "GND", "GND", "R", 19.291, 45.551, 0, 0, 0],
		[58, "U4_3", -82.6, -475.42, "T", "SMD", "$1N2830", "", "R", 19.291, 45.551, 0, 0, 0],
		[59, "U4_4", -82.6, -384.58, "T", "SMD", "NET_14", "", "R", 19.291, 46.26, 0, 0, 0],
		[60, "U4_5", -157.4, -384.58, "T", "SMD", "+5V", "", "R", 19.291, 46.26, 0, 0, 0],
		[61, "USBC1_0", 170.28, 27.843, "T", "DIP", "GND", "GND", "O", 47.244, 78.74, 31.496, 62.993, 180],
		[62, "USBC1_0", 170.28, 27.843, "B", "DIP", "GND", "GND", "O", 47.244, 78.74, 31.496, 62.993, 180],
		[63, "USBC1_1", -170.28, 27.843, "T", "DIP", "GND", "GND", "O", 47.244, 78.74, 31.496, 62.991, 180],
		[64, "USBC1_1", -170.28, 27.843, "B", "DIP", "GND", "GND", "O", 47.244, 78.74, 31.496, 62.991, 180],
		[65, "USBC1_2", -170.28, 192.403, "T", "DIP", "GND", "GND", "O", 47.244, 70.866, 31.496, 55.118, 180],
		[66, "USBC1_2", -170.28, 192.403, "B", "DIP", "GND", "GND", "O", 47.244, 70.866, 31.496, 55.118, 180],
		[67, "USBC1_3", 170.28, 192.403, "T", "DIP", "GND", "GND", "O", 47.244, 70.866, 31.496, 55.118, 180],
		[68, "USBC1_3", 170.28, 192.403, "B", "DIP", "GND", "GND", "O", 47.244, 70.866, 31.496, 55.118, 180],
		[69, "USBC1_A1", 131.89, -2.407, "T", "SMD", "GND", "GND", "R", 11.811, 51.181, 0, 0, 180],
		[70, "USBC1_A12", -131.89, -2.407, "T", "SMD", "GND", "GND", "R", 11.811, 51.181, 0, 0, 180],
		[71, "USBC1_A4", 100.39, -2.407, "T", "SMD", "VCC", "", "R", 11.811, 51.181, 0, 0, 180],
		[72, "USBC1_A5", 49.21, -2.407, "T", "SMD", "$1N1663", "", "R", 11.811, 51.181, 0, 0, 180],
		[73, "USBC1_A6", 9.84, -2.407, "T", "SMD", "DP", "", "R", 11.811, 51.181, 0, 0, 180],
		[74, "USBC1_A7", -9.84, -2.407, "T", "SMD", "DN", "", "R", 11.811, 51.181, 0, 0, 180],
		[75, "USBC1_A8", -49.2, -2.407, "T", "SMD", "NET_15", "", "R", 11.811, 51.181, 0, 0, 180],
		[76, "USBC1_A9", -100.4, -2.407, "T", "SMD", "VCC", "", "R", 11.811, 51.181, 0, 0, 180],
		[77, "USBC1_B1", -120.08, -2.407, "T", "SMD", "GND", "GND", "R", 11.811, 51.181, 0, 0, 180],
		[78, "USBC1_B12", 120.08, -2.407, "T", "SMD", "GND", "GND", "R", 11.811, 51.181, 0, 0, 180],
		[79, "USBC1_B4", -88.58, -2.407, "T", "SMD", "VCC", "", "R", 11.811, 51.181, 0, 0, 180],
		[80, "USBC1_B5", -68.9, -2.407, "T", "SMD", "$1N1667", "", "R", 11.811, 51.181, 0, 0, 180],
		[81, "USBC1_B6", -29.53, -2.407, "T", "SMD", "DP", "", "R", 11.811, 51.181, 0, 0, 180],
		[82, "USBC1_B7", 29.53, -2.407, "T", "SMD", "DN", "", "R", 11.811, 51.181, 0, 0, 180],
		[83, "USBC1_B8", 68.9, -2.407, "T", "SMD", "NET_16", "", "R", 11.811, 51.181, 0, 0, 180],
		[84, "USBC1_B9", 88.58, -2.407, "T", "SMD", "VCC", "", "R", 11.811, 51.181, 0, 0, 180],
		[85, "PAD1_2", 76.46, -395, "T", "SMD", "+5V", "", "R", 31.106, 21.26, 0, 0, 0],
		[86, "PAD2_1", 33.54, -395, "T", "SMD", "GND", "GND", "R", 31.106, 21.26, 0, 0, 0],
		[87, "PAD3_2", 53.54, -460, "T", "SMD", "$1N2830", "", "R", 31.106, 21.26, 0, 0, 180],
		[88, "PAD4_1", 96.46, -460, "T", "SMD", "GND", "GND", "R", 31.106, 21.26, 0, 0, 180],
		[89, "PAD5_2", -160, -143.07, "T", "SMD", "GND", "GND", "R", 47.244, 37.402, 0, 0, 90],
		[90, "PAD6_1", -160, -276.93, "T", "SMD", "DN", "", "R", 47.244, 37.402, 0, 0, 90],
		[91, "PAD7_2", 165, -138.07, "T", "SMD", "GND", "GND", "R", 47.244, 37.402, 0, 0, 90],
		[92, "PAD8_1", 165, -271.93, "T", "SMD", "DP", "", "R", 47.244, 37.402, 0, 0, 90],
		[93, "PAD9_2", 145, -328.835, "T", "SMD", "VCC", "", "R", 39.37, 29.528, 0, 0, 90],
		[94, "PAD10_1", 145, -421.165, "T", "SMD", "+5V", "", "R", 39.37, 29.528, 0, 0, 90],
		[95, "PAD11_2", 87.04, -60, "T", "SMD", "GND", "GND", "R", 22.27, 21.26, 0, 0, 0],
		[96, "PAD12_1", 52.96, -60, "T", "SMD", "$1N1663", "", "R", 22.27, 21.26, 0, 0, 0],
		[97, "PAD13_2", -82.916, -58.56, "T", "SMD", "$1N1667", "", "R", 22.27, 21.26, 0, 0, 0],
		[98, "PAD14_1", -116.996, -58.56, "T", "SMD", "GND", "GND", "R", 22.27, 21.26, 0, 0, 0],
		[99, "PAD15_2", -56.961, -326.656, "T", "SMD", "$1N2613", "", "R", 22.27, 21.26, 0, 0, 0],
		[100, "PAD16_1", -91.041, -326.656, "T", "SMD", "DN", "", "R", 22.27, 21.26, 0, 0, 0],
		[101, "PAD17_2", 37.96, -330, "T", "SMD", "PB4", "", "R", 22.27, 21.26, 0, 0, 180],
		[102, "PAD18_1", 72.04, -330, "T", "SMD", "DP", "", "R", 22.27, 21.26, 0, 0, 180],
		[103, "PAD19_1", -39.509, -285.341, "T", "SMD", "PB5", "", "O", 31.496, 11.811, 0, 0, 90],
		[104, "PAD20_2", -19.819, -285.341, "T", "SMD", "$1N2613", "", "O", 31.496, 11.811, 0, 0, 90],
		[105, "PAD21_5", 39.231, -285.341, "T", "SMD", "PB4", "", "O", 31.496, 11.811, 0, 0, 90],
		[106, "PAD22_8", 78.601, -206.601, "T", "SMD", "GND", "GND", "O", 11.811, 31.496, 0, 0, 90],
		[107, "PAD23_11", 39.231, -127.861, "T", "SMD", "PB0", "", "O", 31.496, 11.811, 0, 0, 90],
		[108, "PAD24_12", 19.551, -127.861, "T", "SMD", "PB1", "", "O", 31.496, 11.811, 0, 0, 90],
		[109, "PAD25_14", -19.819, -127.861, "T", "SMD", "PB2", "", "O", 31.496, 11.811, 0, 0, 90],
		[110, "PAD26_15", -39.509, -127.861, "T", "SMD", "+5V", "", "O", 31.496, 11.811, 0, 0, 90],
		[111, "PAD27_1", -157.4, -475.42, "T", "SMD", "$1N2830", "", "R", 19.291, 45.551, 0, 0, 0],
		[112, "PAD28_2", -120, -475.42, "T", "SMD", "GND", "GND", "R", 19.291, 45.551, 0, 0, 0],
		[113, "PAD29_3", -82.6, -475.42, "T", "SMD", "$1N2830", "", "R", 19.291, 45.551, 0, 0, 0],
		[114, "PAD30_5", -157.4, -384.58, "T", "SMD", "+5V", "", "R", 19.291, 46.26, 0, 0, 0],
		[115, "PAD31_A5", 49.21, -2.407, "T", "SMD", "$1N1663", "", "R", 11.811, 51.181, 0, 0, 180],
		[116, "PAD32_B7", 29.53, -2.407, "T", "SMD", "DN", "", "R", 11.811, 51.181, 0, 0, 180],
		[117, "PAD33_A6", 9.84, -2.407, "T", "SMD", "DP", "", "R", 11.811, 51.181, 0, 0, 180],
		[118, "PAD34_A7", -9.84, -2.407, "T", "SMD", "DN", "", "R", 11.811, 51.181, 0, 0, 180],
		[119, "PAD35_B6", -29.53, -2.407, "T", "SMD", "DP", "", "R", 11.811, 51.181, 0, 0, 180],
		[120, "PAD36_B5", -68.9, -2.407, "T", "SMD", "$1N1667", "", "R", 11.811, 51.181, 0, 0, 180],
		[121, "PAD37_A1", 131.89, -2.407, "T", "SMD", "GND", "GND", "R", 11.811, 51.181, 0, 0, 180],
		[122, "PAD38_B12", 120.08, -2.407, "T", "SMD", "GND", "GND", "R", 11.811, 51.181, 0, 0, 180],
		[123, "PAD39_A4", 100.39, -2.407, "T", "SMD", "VCC", "", "R", 11.811, 51.181, 0, 0, 180],
		[124, "PAD40_B9", 88.58, -2.407, "T", "SMD", "VCC", "", "R", 11.811, 51.181, 0, 0, 180],
		[125, "PAD41_B4", -88.58, -2.407, "T", "SMD", "VCC", "", "R", 11.811, 51.181, 0, 0, 180],
		[126, "PAD42_A9", -100.4, -2.407, "T", "SMD", "VCC", "", "R", 11.811, 51.181, 0, 0, 180],
		[127, "PAD43_B1", -120.08, -2.407, "T", "SMD", "GND", "GND", "R", 11.811, 51.181, 0, 0, 180],
		[128, "PAD44_A12", -131.89, -2.407, "T", "SMD", "GND", "GND", "R", 11.811, 51.181, 0, 0, 180],
		[129, "PAD45_2", -170.28, 192.403, "T", "DIP", "GND", "GND", "O", 47.244, 70.866, 31.496, 55.118, 180],
		[130, "PAD45_2", -170.28, 192.403, "B", "DIP", "GND", "GND", "O", 47.244, 70.866, 31.496, 55.118, 180],
		[131, "PAD46_1", -170.28, 27.843, "T", "DIP", "GND", "GND", "O", 47.244, 78.74, 31.496, 62.991, 180],
		[132, "PAD46_1", -170.28, 27.843, "B", "DIP", "GND", "GND", "O", 47.244, 78.74, 31.496, 62.991, 180],
		[133, "PAD47_0", 170.28, 27.843, "T", "DIP", "GND", "GND", "O", 47.244, 78.74, 31.496, 62.993, 180],
		[134, "PAD47_0", 170.28, 27.843, "B", "DIP", "GND", "GND", "O", 47.244, 78.74, 31.496, 62.993, 180],
		[135, "PAD48_3", 170.28, 192.403, "T", "DIP", "GND", "GND", "O", 47.244, 70.866, 31.496, 55.118, 180],
		[136, "PAD48_3", 170.28, 192.403, "B", "DIP", "GND", "GND", "O", 47.244, 70.866, 31.496, 55.118, 180],
		[137, "PAD49_1", -150, -570, "T", "DIP", "PB0", "", "R", 66.929, 66.929, 43.308, 43.308, 0],
		[138, "PAD49_1", -150, -570, "B", "DIP", "PB0", "", "R", 66.929, 66.929, 43.308, 43.308, 0],
		[139, "PAD50_2", -50, -570, "T", "DIP", "PB1", "", "C", 66.929, 66.929, 43.308, 43.308, 0],
		[140, "PAD50_2", -50, -570, "B", "DIP", "PB1", "", "C", 66.929, 66.929, 43.308, 43.308, 0],
		[141, "PAD51_3", 50, -570, "T", "DIP", "PB2", "", "C", 66.929, 66.929, 43.308, 43.308, 0],
		[142, "PAD51_3", 50, -570, "B", "DIP", "PB2", "", "C", 66.929, 66.929, 43.308, 43.308, 0],
		[143, "PAD52_4", 150, -570, "T", "DIP", "PB3", "", "C", 66.929, 66.929, 43.308, 43.308, 0],
		[144, "PAD52_4", 150, -570, "B", "DIP", "PB3", "", "C", 66.929, 66.929, 43.308, 43.308, 0],
		[145, "PAD53_1", -150, -675, "T", "DIP", "PB4", "", "R", 66.929, 66.929, 43.308, 43.308, 0],
		[146, "PAD53_1", -150, -675, "B", "DIP", "PB4", "", "R", 66.929, 66.929, 43.308, 43.308, 0],
		[147, "PAD54_2", -50, -675, "T", "DIP", "PB5", "", "C", 66.929, 66.929, 43.308, 43.308, 0],
		[148, "PAD54_2", -50, -675, "B", "DIP", "PB5", "", "C", 66.929, 66.929, 43.308, 43.308, 0],
		[149, "PAD55_3", 50, -675, "T", "DIP", "GND", "GND", "C", 66.929, 66.929, 43.308, 43.308, 0],
		[150, "PAD55_3", 50, -675, "B", "DIP", "GND", "GND", "C", 66.929, 66.929, 43.308, 43.308, 0],
		[151, "PAD56_4", 150, -675, "T", "DIP", "+5V", "", "C", 66.929, 66.929, 43.308, 43.308, 0],
		[152, "PAD56_4", 150, -675, "B", "DIP", "+5V", "", "C", 66.929, 66.929, 43.308, 43.308, 0]
	]
}
}